[
    {
        "ParameterKey":"RemoteAccessCIDR",
        "ParameterValue":"71.83.113.151/32"
    },
    {
        "ParameterKey": "AvailabilityZones",
        "ParameterValue": [
            "us-east-1a",
            "us-east-1b"
          ]
    },
    {
        "ParameterKey": "S3BucketName",
        "ParameterValue": "qs-test1212"
    },
    {
        "ParameterKey": "KeyPairName",
        "ParameterValue": "aws-qs-tc-all"
    },
    {
        "ParameterKey": "BastionInstanceType",
        "ParameterValue": "t3.micro"
    },
    {
        "ParameterKey": "QSS3BucketName",
        "ParameterValue": "aws-quickstart"
    },
    {
        "ParameterKey":"QSS3KeyPrefix",
        "ParameterValue":"quickstart-tibco-jaspersoft/"
    },
    {
        "ParameterKey":"PrivateSubnet1CIDR",
        "ParameterValue":"10.0.0.0/19"
    },
    {
        "ParameterKey":"PrivateSubnet2CIDR",
        "ParameterValue":"10.0.32.0/19"
    },
    {
        "ParameterKey":"PublicSubnet1CIDR",
        "ParameterValue":"10.0.128.0/20"
    },
    {
        "ParameterKey":"PublicSubnet2CIDR",
        "ParameterValue":"10.0.144.0/20"
    },
    {
        "ParameterKey":"VPCCIDR",
        "ParameterValue":"10.0.0.0/16"
    },
    {
        "ParameterKey":"WorkloadInstanceType",
        "ParameterValue":"m5.large"
    }
]
